Title,Company
Data Analyst,Tata Consultancy Services
Data Analyst,WebMD
Data Analyst,United Breweries Ltd.
Data Analyst,SimuLab
Data Analyst,Bluo Software India LLP
Data Analyst,TransFi
Data Analyst,Sudhanand Group
Data Analyst,Career Guideline
Data Analyst,Lok Chemicals
Data Analyst,Delivery Hero
Data Analyst,Proof-of-Skill
Data Analyst,Prodios Labs
Data Analyst,PharmaForceIQ
Data Analyst,Amicon Hub Services
Data Analyst,Aurolab
Data Analyst,GreedyGame
Data Analyst,Connext
Data Analyst,Arcana
Data Analyst,Colan Infotech Private Limited
Data Analyst,TCS
Business Analyst,Infosys
Data Analyst,Google
BI Analyst,Microsoft
Data Scientist,Amazon
Data Analyst,Wipro
